id,currency,originCountry,toEuro
0406ff4c-f7de-4d02-8d0f-8f00f12cb0d4,Lev,Bulgaria,0.511290
0b4a5584-0606-4346-a4c4-115c561f5262,Rubles,Russia,0.010800
7772e2b3-f593-4b17-b5c2-1a1740b58c9a,Yen,Japan,0.007600
a5ecaa0f-e0e7-4ebe-b9f5-3d46dad5edb3,Dollar,United States,0.834500
a9ffdcc0-8382-4ee3-83c3-2524d823913c,Euro,EU,1.000000
b79336ff-5f44-49b9-a14e-f60c4993995b,Pounds,United Kingdom,1.155000
